HIP,ra,dec,parallax,pmra,pmdec,radial_velocity,radial_velocity_error
71683.0,219.90205833333334,-59.1660075,743.0,-3679.25,473.67,-21.4,0.7599999904632568
